restricted_variable,restriction_base,patiens_in_base_restriction,restriction_subtractor,patiens_in_subtractor_restriction,variable_a,variable_b,base_correlation,subtractor_correlation,difference,absolute difference
Groesse_Echokardiographie,"(53.0, 171.0)",2115,"(171.0, 205.0)",2095,Groesse_Echokardiographie,Gewicht_Echokardiographie,-0.01,0.3,-0.31,0.31
Groesse_Echokardiographie,"(53.0, 171.0)",2115,"(171.0, 205.0)",2095,Gewicht_Echokardiographie,Groesse_Echokardiographie,-0.01,0.3,-0.31,0.31
Gewicht_Echokardiographie,"(27.0, 75.0)",2149,"(75.0, 215.0)",2105,Groesse_Echokardiographie,Gewicht_Echokardiographie,0.44,-0.02,0.46,0.46
Gewicht_Echokardiographie,"(27.0, 75.0)",2149,"(75.0, 215.0)",2105,Gewicht_Echokardiographie,Groesse_Echokardiographie,0.44,-0.02,0.46,0.46
Gewicht_Echokardiographie,"(27.0, 75.0)",2149,"(75.0, 215.0)",2105,BMI,Echoqualitaet,-0.03,-0.31,0.28,0.28
Gewicht_Echokardiographie,"(27.0, 75.0)",2149,"(75.0, 215.0)",2105,Echoqualitaet,BMI,-0.03,-0.31,0.28,0.28
BMI,"(11.4, 25.0)",2082,"(25.0, 228.4)",2074,Groesse_Echokardiographie,Gewicht_Echokardiographie,0.71,0.41,0.3,0.3
BMI,"(11.4, 25.0)",2082,"(25.0, 228.4)",2074,Groesse_Echokardiographie,BMI,0.16,-0.25,0.41000000000000003,0.41000000000000003
BMI,"(11.4, 25.0)",2082,"(25.0, 228.4)",2074,Gewicht_Echokardiographie,Groesse_Echokardiographie,0.71,0.41,0.3,0.3
BMI,"(11.4, 25.0)",2082,"(25.0, 228.4)",2074,BMI,Groesse_Echokardiographie,0.16,-0.25,0.41000000000000003,0.41000000000000003
BMI,"(11.4, 25.0)",2082,"(25.0, 228.4)",2074,BMI,Echoqualitaet,0.02,-0.26,0.28,0.28
BMI,"(11.4, 25.0)",2082,"(25.0, 228.4)",2074,BMI,EDD,0.29,0.03,0.26,0.26
BMI,"(11.4, 25.0)",2082,"(25.0, 228.4)",2074,BMI,LVMMI,0.2,-0.07,0.27,0.27
BMI,"(11.4, 25.0)",2082,"(25.0, 228.4)",2074,Echoqualitaet,BMI,0.02,-0.26,0.28,0.28
BMI,"(11.4, 25.0)",2082,"(25.0, 228.4)",2074,EDD,BMI,0.29,0.03,0.26,0.26
BMI,"(11.4, 25.0)",2082,"(25.0, 228.4)",2074,LVMMI,BMI,0.2,-0.07,0.27,0.27
Mitralklappe,normal,3932,nicht normal,202,VenaCavaInferior,EDV,-0.06,0.2,-0.26,0.26
Mitralklappe,normal,3932,nicht normal,202,LinkerVentrikel,Hinterwand,-0.02,-0.28,0.26,0.26
Mitralklappe,normal,3932,nicht normal,202,EDV,VenaCavaInferior,-0.06,0.2,-0.26,0.26
Mitralklappe,normal,3932,nicht normal,202,Hinterwand,LinkerVentrikel,-0.02,-0.28,0.26,0.26
Aortenklappe,normal,4004,nicht normal,127,Groesse_Echokardiographie,Gewicht_Echokardiographie,0.36,0.11,0.25,0.25
Aortenklappe,normal,4004,nicht normal,127,Groesse_Echokardiographie,BMI,-0.04,-0.6,0.5599999999999999,0.5599999999999999
Aortenklappe,normal,4004,nicht normal,127,Gewicht_Echokardiographie,Groesse_Echokardiographie,0.36,0.11,0.25,0.25
Aortenklappe,normal,4004,nicht normal,127,Gewicht_Echokardiographie,BMI,0.87,0.62,0.25,0.25
Aortenklappe,normal,4004,nicht normal,127,Gewicht_Echokardiographie,BloodPressure_Systole,0.28,-0.07,0.35000000000000003,0.35000000000000003
Aortenklappe,normal,4004,nicht normal,127,Gewicht_Echokardiographie,BloodPressure_Diastole,0.23,-0.03,0.26,0.26
Aortenklappe,normal,4004,nicht normal,127,BMI,Groesse_Echokardiographie,-0.04,-0.6,0.5599999999999999,0.5599999999999999
Aortenklappe,normal,4004,nicht normal,127,BMI,Gewicht_Echokardiographie,0.87,0.62,0.25,0.25
Aortenklappe,normal,4004,nicht normal,127,BMI,ESD_M_Mode,0.46,0.14,0.32,0.32
Aortenklappe,normal,4004,nicht normal,127,BMI,ESV,0.19,-0.1,0.29000000000000004,0.29000000000000004
Aortenklappe,normal,4004,nicht normal,127,BMI,EDV,0.21,-0.07,0.28,0.28
Aortenklappe,normal,4004,nicht normal,127,BMI,Septum,0.33,0.02,0.31,0.31
Aortenklappe,normal,4004,nicht normal,127,BMI,LV_Fuellung,-0.04,0.21,-0.25,0.25
Aortenklappe,normal,4004,nicht normal,127,BMI,BloodPressure_Systole,0.26,-0.11,0.37,0.37
Aortenklappe,normal,4004,nicht normal,127,BMI,BloodPressure_Diastole,0.21,-0.16,0.37,0.37
Aortenklappe,normal,4004,nicht normal,127,VenaCavaInferior,BloodPressure_Systole,0.08,-0.27,0.35000000000000003,0.35000000000000003
Aortenklappe,normal,4004,nicht normal,127,LinkerVorhof,LV_Fuellung,-0.04,0.31,-0.35,0.35
Aortenklappe,normal,4004,nicht normal,127,ESD_M_Mode,BMI,0.46,0.14,0.32,0.32
Aortenklappe,normal,4004,nicht normal,127,ESD_M_Mode,LV_Fuellung,0.02,-0.38,0.4,0.4
Aortenklappe,normal,4004,nicht normal,127,ESD_M_Mode,HeartFrequency,-0.07,-0.33,0.26,0.26
Aortenklappe,normal,4004,nicht normal,127,LinkerVentrikel,RegionaleWandbewegungen,0.11,0.39,-0.28,0.28
Aortenklappe,normal,4004,nicht normal,127,ESV,BMI,0.19,-0.1,0.29000000000000004,0.29000000000000004
Aortenklappe,normal,4004,nicht normal,127,ESV,BloodPressure_Systole,0.13,-0.12,0.25,0.25
Aortenklappe,normal,4004,nicht normal,127,EDV,BMI,0.21,-0.07,0.28,0.28
Aortenklappe,normal,4004,nicht normal,127,EDV,BloodPressure_Systole,0.14,-0.14,0.28,0.28
Aortenklappe,normal,4004,nicht normal,127,EF,LVMMI,-0.05,-0.31,0.26,0.26
Aortenklappe,normal,4004,nicht normal,127,RegionaleWandbewegungen,LinkerVentrikel,0.11,0.39,-0.28,0.28
Aortenklappe,normal,4004,nicht normal,127,Septum,BMI,0.33,0.02,0.31,0.31
Aortenklappe,normal,4004,nicht normal,127,Hinterwand,BloodPressure_Systole,0.27,-0.02,0.29000000000000004,0.29000000000000004
Aortenklappe,normal,4004,nicht normal,127,EDD,LV_Fuellung,-0.18,-0.52,0.34,0.34
Aortenklappe,normal,4004,nicht normal,127,EDD,HeartFrequency,-0.16,-0.44,0.28,0.28
Aortenklappe,normal,4004,nicht normal,127,EDD,BloodPressure_Systole,0.11,-0.26,0.37,0.37
Aortenklappe,normal,4004,nicht normal,127,EDD,BloodPressure_Diastole,0.04,-0.21,0.25,0.25
Aortenklappe,normal,4004,nicht normal,127,LVMMI,EF,-0.05,-0.31,0.26,0.26
Aortenklappe,normal,4004,nicht normal,127,LVMMI,BloodPressure_Systole,0.2,-0.16,0.36,0.36
Aortenklappe,normal,4004,nicht normal,127,LV_Fuellung,BMI,-0.04,0.21,-0.25,0.25
Aortenklappe,normal,4004,nicht normal,127,LV_Fuellung,LinkerVorhof,-0.04,0.31,-0.35,0.35
Aortenklappe,normal,4004,nicht normal,127,LV_Fuellung,ESD_M_Mode,0.02,-0.38,0.4,0.4
Aortenklappe,normal,4004,nicht normal,127,LV_Fuellung,EDD,-0.18,-0.52,0.34,0.34
Aortenklappe,normal,4004,nicht normal,127,LV_Fuellung,HeartFrequency,0.03,0.28,-0.25,0.25
Aortenklappe,normal,4004,nicht normal,127,HeartFrequency,ESD_M_Mode,-0.07,-0.33,0.26,0.26
Aortenklappe,normal,4004,nicht normal,127,HeartFrequency,EDD,-0.16,-0.44,0.28,0.28
Aortenklappe,normal,4004,nicht normal,127,HeartFrequency,LV_Fuellung,0.03,0.28,-0.25,0.25
Aortenklappe,normal,4004,nicht normal,127,HeartFrequency,BloodPressure_Systole,0.01,0.27,-0.26,0.26
Aortenklappe,normal,4004,nicht normal,127,BloodPressure_Systole,Gewicht_Echokardiographie,0.28,-0.07,0.35000000000000003,0.35000000000000003
Aortenklappe,normal,4004,nicht normal,127,BloodPressure_Systole,BMI,0.26,-0.11,0.37,0.37
Aortenklappe,normal,4004,nicht normal,127,BloodPressure_Systole,VenaCavaInferior,0.08,-0.27,0.35000000000000003,0.35000000000000003
Aortenklappe,normal,4004,nicht normal,127,BloodPressure_Systole,ESV,0.13,-0.12,0.25,0.25
Aortenklappe,normal,4004,nicht normal,127,BloodPressure_Systole,EDV,0.14,-0.14,0.28,0.28
Aortenklappe,normal,4004,nicht normal,127,BloodPressure_Systole,Hinterwand,0.27,-0.02,0.29000000000000004,0.29000000000000004
Aortenklappe,normal,4004,nicht normal,127,BloodPressure_Systole,EDD,0.11,-0.26,0.37,0.37
Aortenklappe,normal,4004,nicht normal,127,BloodPressure_Systole,LVMMI,0.2,-0.16,0.36,0.36
Aortenklappe,normal,4004,nicht normal,127,BloodPressure_Systole,HeartFrequency,0.01,0.27,-0.26,0.26
Aortenklappe,normal,4004,nicht normal,127,BloodPressure_Diastole,Gewicht_Echokardiographie,0.23,-0.03,0.26,0.26
Aortenklappe,normal,4004,nicht normal,127,BloodPressure_Diastole,BMI,0.21,-0.16,0.37,0.37
Aortenklappe,normal,4004,nicht normal,127,BloodPressure_Diastole,EDD,0.04,-0.21,0.25,0.25
Aorta,nicht normal,167,normal,3723,Groesse_Echokardiographie,Gewicht_Echokardiographie,-0.03,0.35,-0.38,0.38
Aorta,nicht normal,167,normal,3723,Gewicht_Echokardiographie,Groesse_Echokardiographie,-0.03,0.35,-0.38,0.38
Aorta,nicht normal,167,normal,3723,VenaCavaInferior,Hinterwand,0.37,-0.01,0.38,0.38
Aorta,nicht normal,167,normal,3723,RegionaleWandbewegungen,LV_Fuellung,-0.29,0.05,-0.33999999999999997,0.33999999999999997
Aorta,nicht normal,167,normal,3723,Septum,LV_Fuellung,-0.32,-0.01,-0.31,0.31
Aorta,nicht normal,167,normal,3723,Hinterwand,VenaCavaInferior,0.37,-0.01,0.38,0.38
Aorta,nicht normal,167,normal,3723,LV_Fuellung,RegionaleWandbewegungen,-0.29,0.05,-0.33999999999999997,0.33999999999999997
Aorta,nicht normal,167,normal,3723,LV_Fuellung,Septum,-0.32,-0.01,-0.31,0.31
Aorta,nicht normal,167,normal,3723,LV_Fuellung,BloodPressure_Systole,-0.27,-0.02,-0.25,0.25
Aorta,nicht normal,167,normal,3723,LV_Fuellung,BloodPressure_Diastole,-0.61,-0.1,-0.51,0.51
Aorta,nicht normal,167,normal,3723,HeartFrequency,BloodPressure_Systole,-0.25,0.02,-0.27,0.27
Aorta,nicht normal,167,normal,3723,BloodPressure_Systole,LV_Fuellung,-0.27,-0.02,-0.25,0.25
Aorta,nicht normal,167,normal,3723,BloodPressure_Systole,HeartFrequency,-0.25,0.02,-0.27,0.27
Aorta,nicht normal,167,normal,3723,BloodPressure_Diastole,LV_Fuellung,-0.61,-0.1,-0.51,0.51
VenaCavaInferior,normal,1090,nicht normal,38,Groesse_Echokardiographie,Mitralklappe,0.01,0.31,-0.3,0.3
VenaCavaInferior,normal,1090,nicht normal,38,Groesse_Echokardiographie,ESV,0.56,0.28,0.28,0.28
VenaCavaInferior,normal,1090,nicht normal,38,Groesse_Echokardiographie,EDV,0.58,0.3,0.27999999999999997,0.27999999999999997
VenaCavaInferior,normal,1090,nicht normal,38,Groesse_Echokardiographie,EDD,0.44,0.1,0.33999999999999997,0.33999999999999997
VenaCavaInferior,normal,1090,nicht normal,38,Gewicht_Echokardiographie,Echoqualitaet,-0.17,0.19,-0.36,0.36
VenaCavaInferior,normal,1090,nicht normal,38,Gewicht_Echokardiographie,Ebene,-0.02,0.23,-0.25,0.25
VenaCavaInferior,normal,1090,nicht normal,38,BMI,Echoqualitaet,-0.19,0.17,-0.36,0.36
VenaCavaInferior,normal,1090,nicht normal,38,BMI,Aorta,-0.03,-0.34,0.31000000000000005,0.31000000000000005
VenaCavaInferior,normal,1090,nicht normal,38,BMI,ESD_M_Mode,0.3,0.56,-0.26000000000000006,0.26000000000000006
VenaCavaInferior,normal,1090,nicht normal,38,BMI,Ebene,-0.02,0.27,-0.29000000000000004,0.29000000000000004
VenaCavaInferior,normal,1090,nicht normal,38,Echoqualitaet,Gewicht_Echokardiographie,-0.17,0.19,-0.36,0.36
VenaCavaInferior,normal,1090,nicht normal,38,Echoqualitaet,BMI,-0.19,0.17,-0.36,0.36
VenaCavaInferior,normal,1090,nicht normal,38,Echoqualitaet,Septum,-0.12,0.21,-0.32999999999999996,0.32999999999999996
VenaCavaInferior,normal,1090,nicht normal,38,Echoqualitaet,Hinterwand,-0.07,0.29,-0.36,0.36
VenaCavaInferior,normal,1090,nicht normal,38,Mitralklappe,Groesse_Echokardiographie,0.01,0.31,-0.3,0.3
VenaCavaInferior,normal,1090,nicht normal,38,Mitralklappe,ESV,0.02,0.36,-0.33999999999999997,0.33999999999999997
VenaCavaInferior,normal,1090,nicht normal,38,Mitralklappe,EDV,0.02,0.39,-0.37,0.37
VenaCavaInferior,normal,1090,nicht normal,38,Mitralklappe,EDD,0.02,0.28,-0.26,0.26
VenaCavaInferior,normal,1090,nicht normal,38,Mitralklappe,BloodPressure_Diastole,-0.03,0.28,-0.31000000000000005,0.31000000000000005
VenaCavaInferior,normal,1090,nicht normal,38,Aortenklappe,ESV,0.13,-0.12,0.25,0.25
VenaCavaInferior,normal,1090,nicht normal,38,Aortenklappe,BloodPressure_Systole,-0.07,-0.38,0.31,0.31
VenaCavaInferior,normal,1090,nicht normal,38,Aortenklappe,BloodPressure_Diastole,-0.02,0.33,-0.35000000000000003,0.35000000000000003
VenaCavaInferior,normal,1090,nicht normal,38,Aorta,BMI,-0.03,-0.34,0.31000000000000005,0.31000000000000005
VenaCavaInferior,normal,1090,nicht normal,38,ESD_M_Mode,BMI,0.3,0.56,-0.26000000000000006,0.26000000000000006
VenaCavaInferior,normal,1090,nicht normal,38,ESV,Groesse_Echokardiographie,0.56,0.28,0.28,0.28
VenaCavaInferior,normal,1090,nicht normal,38,ESV,Mitralklappe,0.02,0.36,-0.33999999999999997,0.33999999999999997
VenaCavaInferior,normal,1090,nicht normal,38,ESV,Aortenklappe,0.13,-0.12,0.25,0.25
VenaCavaInferior,normal,1090,nicht normal,38,EDV,Groesse_Echokardiographie,0.58,0.3,0.27999999999999997,0.27999999999999997
VenaCavaInferior,normal,1090,nicht normal,38,EDV,Mitralklappe,0.02,0.39,-0.37,0.37
VenaCavaInferior,normal,1090,nicht normal,38,EF,HeartFrequency,0.02,-0.27,0.29000000000000004,0.29000000000000004
VenaCavaInferior,normal,1090,nicht normal,38,Ebene,Gewicht_Echokardiographie,-0.02,0.23,-0.25,0.25
VenaCavaInferior,normal,1090,nicht normal,38,Ebene,BMI,-0.02,0.27,-0.29000000000000004,0.29000000000000004
VenaCavaInferior,normal,1090,nicht normal,38,Septum,Echoqualitaet,-0.12,0.21,-0.32999999999999996,0.32999999999999996
VenaCavaInferior,normal,1090,nicht normal,38,Hinterwand,Echoqualitaet,-0.07,0.29,-0.36,0.36
VenaCavaInferior,normal,1090,nicht normal,38,EDD,Groesse_Echokardiographie,0.44,0.1,0.33999999999999997,0.33999999999999997
VenaCavaInferior,normal,1090,nicht normal,38,EDD,Mitralklappe,0.02,0.28,-0.26,0.26
VenaCavaInferior,normal,1090,nicht normal,38,rTh,HeartFrequency,0.02,-0.27,0.29000000000000004,0.29000000000000004
VenaCavaInferior,normal,1090,nicht normal,38,LV_Fuellung,HeartFrequency,0.02,-0.27,0.29000000000000004,0.29000000000000004
VenaCavaInferior,normal,1090,nicht normal,38,HeartFrequency,EF,0.02,-0.27,0.29000000000000004,0.29000000000000004
VenaCavaInferior,normal,1090,nicht normal,38,HeartFrequency,rTh,0.02,-0.27,0.29000000000000004,0.29000000000000004
VenaCavaInferior,normal,1090,nicht normal,38,HeartFrequency,LV_Fuellung,0.02,-0.27,0.29000000000000004,0.29000000000000004
VenaCavaInferior,normal,1090,nicht normal,38,HeartFrequency,BloodPressure_Systole,0.06,-0.19,0.25,0.25
VenaCavaInferior,normal,1090,nicht normal,38,BloodPressure_Systole,Aortenklappe,-0.07,-0.38,0.31,0.31
VenaCavaInferior,normal,1090,nicht normal,38,BloodPressure_Systole,HeartFrequency,0.06,-0.19,0.25,0.25
VenaCavaInferior,normal,1090,nicht normal,38,BloodPressure_Systole,BloodPressure_Diastole,0.68,0.19,0.49000000000000005,0.49000000000000005
VenaCavaInferior,normal,1090,nicht normal,38,BloodPressure_Diastole,Mitralklappe,-0.03,0.28,-0.31000000000000005,0.31000000000000005
VenaCavaInferior,normal,1090,nicht normal,38,BloodPressure_Diastole,Aortenklappe,-0.02,0.33,-0.35000000000000003,0.35000000000000003
VenaCavaInferior,normal,1090,nicht normal,38,BloodPressure_Diastole,BloodPressure_Systole,0.68,0.19,0.49000000000000005,0.49000000000000005
LinkerVorhof,normal,4073,nicht normal,56,Gewicht_Echokardiographie,LVMMI,0.2,-0.09,0.29000000000000004,0.29000000000000004
LinkerVorhof,normal,4073,nicht normal,56,BMI,LVMMI,0.1,-0.17,0.27,0.27
LinkerVorhof,normal,4073,nicht normal,56,Echoqualitaet,HeartFrequency,-0.11,0.17,-0.28,0.28
LinkerVorhof,normal,4073,nicht normal,56,Mitralklappe,LV_Fuellung,-0.04,0.36,-0.39999999999999997,0.39999999999999997
LinkerVorhof,normal,4073,nicht normal,56,Mitralklappe,BloodPressure_Diastole,-0.01,0.28,-0.29000000000000004,0.29000000000000004
LinkerVorhof,normal,4073,nicht normal,56,Aortenklappe,EF,-0.02,0.32,-0.34,0.34
LinkerVorhof,normal,4073,nicht normal,56,Aortenklappe,rTh,-0.03,0.22,-0.25,0.25
LinkerVorhof,normal,4073,nicht normal,56,Aortenklappe,LV_Fuellung,-0.06,0.54,-0.6000000000000001,0.6000000000000001
LinkerVorhof,normal,4073,nicht normal,56,RechterVorhof,ESV,-0.02,-0.34,0.32,0.32
LinkerVorhof,normal,4073,nicht normal,56,RechterVorhof,EDV,-0.02,-0.33,0.31,0.31
LinkerVorhof,normal,4073,nicht normal,56,LinkerVentrikel,rTh,-0.03,0.22,-0.25,0.25
LinkerVorhof,normal,4073,nicht normal,56,ESV,RechterVorhof,-0.02,-0.34,0.32,0.32
LinkerVorhof,normal,4073,nicht normal,56,EDV,RechterVorhof,-0.02,-0.33,0.31,0.31
LinkerVorhof,normal,4073,nicht normal,56,EDV,LVMMI,0.37,0.11,0.26,0.26
LinkerVorhof,normal,4073,nicht normal,56,EF,Aortenklappe,-0.02,0.32,-0.34,0.34
LinkerVorhof,normal,4073,nicht normal,56,Septum,LV_Fuellung,-0.02,0.38,-0.4,0.4
LinkerVorhof,normal,4073,nicht normal,56,Hinterwand,LV_Fuellung,-0.04,0.28,-0.32,0.32
LinkerVorhof,normal,4073,nicht normal,56,LVMMI,Gewicht_Echokardiographie,0.2,-0.09,0.29000000000000004,0.29000000000000004
LinkerVorhof,normal,4073,nicht normal,56,LVMMI,BMI,0.1,-0.17,0.27,0.27
LinkerVorhof,normal,4073,nicht normal,56,LVMMI,EDV,0.37,0.11,0.26,0.26
LinkerVorhof,normal,4073,nicht normal,56,LVMMI,LV_Fuellung,-0.1,0.21,-0.31,0.31
LinkerVorhof,normal,4073,nicht normal,56,LVMMI,BloodPressure_Systole,0.19,-0.08,0.27,0.27
LinkerVorhof,normal,4073,nicht normal,56,rTh,Aortenklappe,-0.03,0.22,-0.25,0.25
LinkerVorhof,normal,4073,nicht normal,56,rTh,LinkerVentrikel,-0.03,0.22,-0.25,0.25
LinkerVorhof,normal,4073,nicht normal,56,LV_Fuellung,Mitralklappe,-0.04,0.36,-0.39999999999999997,0.39999999999999997
LinkerVorhof,normal,4073,nicht normal,56,LV_Fuellung,Aortenklappe,-0.06,0.54,-0.6000000000000001,0.6000000000000001
LinkerVorhof,normal,4073,nicht normal,56,LV_Fuellung,Septum,-0.02,0.38,-0.4,0.4
LinkerVorhof,normal,4073,nicht normal,56,LV_Fuellung,Hinterwand,-0.04,0.28,-0.32,0.32
LinkerVorhof,normal,4073,nicht normal,56,LV_Fuellung,LVMMI,-0.1,0.21,-0.31,0.31
LinkerVorhof,normal,4073,nicht normal,56,LV_Fuellung,HeartFrequency,0.03,0.54,-0.51,0.51
LinkerVorhof,normal,4073,nicht normal,56,LV_Fuellung,BloodPressure_Diastole,-0.12,0.22,-0.33999999999999997,0.33999999999999997
LinkerVorhof,normal,4073,nicht normal,56,HeartFrequency,Echoqualitaet,-0.11,0.17,-0.28,0.28
LinkerVorhof,normal,4073,nicht normal,56,HeartFrequency,LV_Fuellung,0.03,0.54,-0.51,0.51
LinkerVorhof,normal,4073,nicht normal,56,HeartFrequency,BloodPressure_Systole,0.02,-0.3,0.32,0.32
LinkerVorhof,normal,4073,nicht normal,56,BloodPressure_Systole,LVMMI,0.19,-0.08,0.27,0.27
LinkerVorhof,normal,4073,nicht normal,56,BloodPressure_Systole,HeartFrequency,0.02,-0.3,0.32,0.32
LinkerVorhof,normal,4073,nicht normal,56,BloodPressure_Diastole,Mitralklappe,-0.01,0.28,-0.29000000000000004,0.29000000000000004
LinkerVorhof,normal,4073,nicht normal,56,BloodPressure_Diastole,LV_Fuellung,-0.12,0.22,-0.33999999999999997,0.33999999999999997
ESD_M_Mode,"(15.0, 35.0)",1990,"(35.0, 58.0)",2026,RechterVorhof,RechterVentrikel,-0.0,0.32,-0.32,0.32
ESD_M_Mode,"(15.0, 35.0)",1990,"(35.0, 58.0)",2026,RechterVorhof,LinkerVorhof,0.54,0.28,0.26,0.26
ESD_M_Mode,"(15.0, 35.0)",1990,"(35.0, 58.0)",2026,RechterVentrikel,RechterVorhof,-0.0,0.32,-0.32,0.32
ESD_M_Mode,"(15.0, 35.0)",1990,"(35.0, 58.0)",2026,LinkerVorhof,RechterVorhof,0.54,0.28,0.26,0.26
LinkerVentrikel,normal,4089,nicht normal,39,Groesse_Echokardiographie,Septum,0.25,-0.0,0.25,0.25
LinkerVentrikel,normal,4089,nicht normal,39,Gewicht_Echokardiographie,Mitralklappe,0.04,-0.27,0.31,0.31
LinkerVentrikel,normal,4089,nicht normal,39,Gewicht_Echokardiographie,LinkerVorhof,-0.01,0.25,-0.26,0.26
LinkerVentrikel,normal,4089,nicht normal,39,Gewicht_Echokardiographie,EF,-0.11,-0.39,0.28,0.28
LinkerVentrikel,normal,4089,nicht normal,39,Gewicht_Echokardiographie,LV_Fuellung,-0.1,-0.44,0.33999999999999997,0.33999999999999997
LinkerVentrikel,normal,4089,nicht normal,39,Gewicht_Echokardiographie,BloodPressure_Diastole,0.21,0.58,-0.37,0.37
LinkerVentrikel,normal,4089,nicht normal,39,BMI,Mitralklappe,0.03,-0.41,0.43999999999999995,0.43999999999999995
LinkerVentrikel,normal,4089,nicht normal,39,BMI,Aortenklappe,0.0,-0.27,0.27,0.27
LinkerVentrikel,normal,4089,nicht normal,39,BMI,EF,-0.04,-0.34,0.30000000000000004,0.30000000000000004
LinkerVentrikel,normal,4089,nicht normal,39,BMI,LVMMI,0.09,0.4,-0.31000000000000005,0.31000000000000005
LinkerVentrikel,normal,4089,nicht normal,39,BMI,LV_Fuellung,0.01,-0.33,0.34,0.34
LinkerVentrikel,normal,4089,nicht normal,39,BMI,BloodPressure_Diastole,0.15,0.55,-0.4,0.4
LinkerVentrikel,normal,4089,nicht normal,39,Echoqualitaet,Mitralklappe,0.04,0.32,-0.28,0.28
LinkerVentrikel,normal,4089,nicht normal,39,Echoqualitaet,Aortenklappe,0.04,0.39,-0.35000000000000003,0.35000000000000003
LinkerVentrikel,normal,4089,nicht normal,39,Echoqualitaet,LinkerVorhof,0.01,-0.28,0.29000000000000004,0.29000000000000004
LinkerVentrikel,normal,4089,nicht normal,39,Echoqualitaet,ESV,0.02,0.29,-0.26999999999999996,0.26999999999999996
LinkerVentrikel,normal,4089,nicht normal,39,Echoqualitaet,RegionaleWandbewegungen,-0.01,-0.43,0.42,0.42
LinkerVentrikel,normal,4089,nicht normal,39,Mitralklappe,Gewicht_Echokardiographie,0.04,-0.27,0.31,0.31
LinkerVentrikel,normal,4089,nicht normal,39,Mitralklappe,BMI,0.03,-0.41,0.43999999999999995,0.43999999999999995
LinkerVentrikel,normal,4089,nicht normal,39,Mitralklappe,Echoqualitaet,0.04,0.32,-0.28,0.28
LinkerVentrikel,normal,4089,nicht normal,39,Mitralklappe,Aortenklappe,0.31,0.56,-0.25000000000000006,0.25000000000000006
LinkerVentrikel,normal,4089,nicht normal,39,Mitralklappe,ESV,-0.0,0.29,-0.29,0.29
LinkerVentrikel,normal,4089,nicht normal,39,Mitralklappe,EDV,0.02,0.3,-0.27999999999999997,0.27999999999999997
LinkerVentrikel,normal,4089,nicht normal,39,Mitralklappe,Septum,0.06,-0.32,0.38,0.38
LinkerVentrikel,normal,4089,nicht normal,39,Mitralklappe,Hinterwand,0.07,-0.33,0.4,0.4
LinkerVentrikel,normal,4089,nicht normal,39,Mitralklappe,EDD,0.01,0.37,-0.36,0.36
LinkerVentrikel,normal,4089,nicht normal,39,Mitralklappe,HeartFrequency,0.05,-0.4,0.45,0.45
LinkerVentrikel,normal,4089,nicht normal,39,Mitralklappe,BloodPressure_Systole,-0.03,-0.38,0.35,0.35
LinkerVentrikel,normal,4089,nicht normal,39,Mitralklappe,BloodPressure_Diastole,0.01,-0.33,0.34,0.34
LinkerVentrikel,normal,4089,nicht normal,39,Aortenklappe,BMI,0.0,-0.27,0.27,0.27
LinkerVentrikel,normal,4089,nicht normal,39,Aortenklappe,Echoqualitaet,0.04,0.39,-0.35000000000000003,0.35000000000000003
LinkerVentrikel,normal,4089,nicht normal,39,Aortenklappe,Mitralklappe,0.31,0.56,-0.25000000000000006,0.25000000000000006
LinkerVentrikel,normal,4089,nicht normal,39,Aortenklappe,Septum,-0.01,-0.3,0.29,0.29
LinkerVentrikel,normal,4089,nicht normal,39,Aortenklappe,BloodPressure_Systole,-0.05,-0.37,0.32,0.32
LinkerVentrikel,normal,4089,nicht normal,39,Aortenklappe,BloodPressure_Diastole,-0.01,-0.26,0.25,0.25
LinkerVentrikel,normal,4089,nicht normal,39,Aorta,rTh,-0.03,0.35,-0.38,0.38
LinkerVentrikel,normal,4089,nicht normal,39,Aorta,HeartFrequency,0.02,0.27,-0.25,0.25
LinkerVentrikel,normal,4089,nicht normal,39,LinkerVorhof,Gewicht_Echokardiographie,-0.01,0.25,-0.26,0.26
LinkerVentrikel,normal,4089,nicht normal,39,LinkerVorhof,Echoqualitaet,0.01,-0.28,0.29000000000000004,0.29000000000000004
LinkerVentrikel,normal,4089,nicht normal,39,LinkerVorhof,Septum,-0.03,0.22,-0.25,0.25
LinkerVentrikel,normal,4089,nicht normal,39,LinkerVorhof,rTh,-0.0,0.28,-0.28,0.28
LinkerVentrikel,normal,4089,nicht normal,39,ESD_M_Mode,LV_Fuellung,0.01,-0.55,0.56,0.56
LinkerVentrikel,normal,4089,nicht normal,39,ESD_M_Mode,BloodPressure_Diastole,0.15,0.43,-0.28,0.28
LinkerVentrikel,normal,4089,nicht normal,39,ESV,Echoqualitaet,0.02,0.29,-0.26999999999999996,0.26999999999999996
LinkerVentrikel,normal,4089,nicht normal,39,ESV,Mitralklappe,-0.0,0.29,-0.29,0.29
LinkerVentrikel,normal,4089,nicht normal,39,ESV,BloodPressure_Systole,0.12,-0.16,0.28,0.28
LinkerVentrikel,normal,4089,nicht normal,39,EDV,Mitralklappe,0.02,0.3,-0.27999999999999997,0.27999999999999997
LinkerVentrikel,normal,4089,nicht normal,39,EF,Gewicht_Echokardiographie,-0.11,-0.39,0.28,0.28
LinkerVentrikel,normal,4089,nicht normal,39,EF,BMI,-0.04,-0.34,0.30000000000000004,0.30000000000000004
LinkerVentrikel,normal,4089,nicht normal,39,EF,RegionaleWandbewegungen,0.08,0.41,-0.32999999999999996,0.32999999999999996
LinkerVentrikel,normal,4089,nicht normal,39,EF,LVMMI,-0.05,-0.4,0.35000000000000003,0.35000000000000003
LinkerVentrikel,normal,4089,nicht normal,39,EF,BloodPressure_Systole,-0.02,0.25,-0.27,0.27
LinkerVentrikel,normal,4089,nicht normal,39,RegionaleWandbewegungen,Echoqualitaet,-0.01,-0.43,0.42,0.42
LinkerVentrikel,normal,4089,nicht normal,39,RegionaleWandbewegungen,EF,0.08,0.41,-0.32999999999999996,0.32999999999999996
LinkerVentrikel,normal,4089,nicht normal,39,RegionaleWandbewegungen,EDD,-0.03,-0.28,0.25,0.25
LinkerVentrikel,normal,4089,nicht normal,39,RegionaleWandbewegungen,rTh,-0.03,0.27,-0.30000000000000004,0.30000000000000004
LinkerVentrikel,normal,4089,nicht normal,39,RegionaleWandbewegungen,HeartFrequency,0.04,0.32,-0.28,0.28
LinkerVentrikel,normal,4089,nicht normal,39,RegionaleWandbewegungen,BloodPressure_Systole,0.02,0.31,-0.29,0.29
LinkerVentrikel,normal,4089,nicht normal,39,RegionaleWandbewegungen,BloodPressure_Diastole,-0.0,0.3,-0.3,0.3
LinkerVentrikel,normal,4089,nicht normal,39,Septum,Groesse_Echokardiographie,0.25,-0.0,0.25,0.25
LinkerVentrikel,normal,4089,nicht normal,39,Septum,Mitralklappe,0.06,-0.32,0.38,0.38
LinkerVentrikel,normal,4089,nicht normal,39,Septum,Aortenklappe,-0.01,-0.3,0.29,0.29
LinkerVentrikel,normal,4089,nicht normal,39,Septum,LinkerVorhof,-0.03,0.22,-0.25,0.25
LinkerVentrikel,normal,4089,nicht normal,39,Septum,HeartFrequency,0.0,0.31,-0.31,0.31
LinkerVentrikel,normal,4089,nicht normal,39,Hinterwand,Mitralklappe,0.07,-0.33,0.4,0.4
LinkerVentrikel,normal,4089,nicht normal,39,Hinterwand,EDD,0.16,-0.1,0.26,0.26
LinkerVentrikel,normal,4089,nicht normal,39,Hinterwand,HeartFrequency,-0.02,0.27,-0.29000000000000004,0.29000000000000004
LinkerVentrikel,normal,4089,nicht normal,39,EDD,Mitralklappe,0.01,0.37,-0.36,0.36
LinkerVentrikel,normal,4089,nicht normal,39,EDD,RegionaleWandbewegungen,-0.03,-0.28,0.25,0.25
LinkerVentrikel,normal,4089,nicht normal,39,EDD,Hinterwand,0.16,-0.1,0.26,0.26
LinkerVentrikel,normal,4089,nicht normal,39,EDD,LV_Fuellung,-0.19,-0.46,0.27,0.27
LinkerVentrikel,normal,4089,nicht normal,39,EDD,HeartFrequency,-0.16,-0.44,0.28,0.28
LinkerVentrikel,normal,4089,nicht normal,39,EDD,BloodPressure_Systole,0.09,-0.21,0.3,0.3
LinkerVentrikel,normal,4089,nicht normal,39,LVMMI,BMI,0.09,0.4,-0.31000000000000005,0.31000000000000005
LinkerVentrikel,normal,4089,nicht normal,39,LVMMI,EF,-0.05,-0.4,0.35000000000000003,0.35000000000000003
LinkerVentrikel,normal,4089,nicht normal,39,LVMMI,BloodPressure_Systole,0.19,-0.28,0.47000000000000003,0.47000000000000003
LinkerVentrikel,normal,4089,nicht normal,39,rTh,Aorta,-0.03,0.35,-0.38,0.38
LinkerVentrikel,normal,4089,nicht normal,39,rTh,LinkerVorhof,-0.0,0.28,-0.28,0.28
LinkerVentrikel,normal,4089,nicht normal,39,rTh,RegionaleWandbewegungen,-0.03,0.27,-0.30000000000000004,0.30000000000000004
LinkerVentrikel,normal,4089,nicht normal,39,rTh,BloodPressure_Systole,0.13,0.43,-0.3,0.3
LinkerVentrikel,normal,4089,nicht normal,39,LV_Fuellung,Gewicht_Echokardiographie,-0.1,-0.44,0.33999999999999997,0.33999999999999997
LinkerVentrikel,normal,4089,nicht normal,39,LV_Fuellung,BMI,0.01,-0.33,0.34,0.34
LinkerVentrikel,normal,4089,nicht normal,39,LV_Fuellung,ESD_M_Mode,0.01,-0.55,0.56,0.56
LinkerVentrikel,normal,4089,nicht normal,39,LV_Fuellung,EDD,-0.19,-0.46,0.27,0.27
LinkerVentrikel,normal,4089,nicht normal,39,HeartFrequency,Mitralklappe,0.05,-0.4,0.45,0.45
LinkerVentrikel,normal,4089,nicht normal,39,HeartFrequency,Aorta,0.02,0.27,-0.25,0.25
LinkerVentrikel,normal,4089,nicht normal,39,HeartFrequency,RegionaleWandbewegungen,0.04,0.32,-0.28,0.28
LinkerVentrikel,normal,4089,nicht normal,39,HeartFrequency,Septum,0.0,0.31,-0.31,0.31
LinkerVentrikel,normal,4089,nicht normal,39,HeartFrequency,Hinterwand,-0.02,0.27,-0.29000000000000004,0.29000000000000004
LinkerVentrikel,normal,4089,nicht normal,39,HeartFrequency,EDD,-0.16,-0.44,0.28,0.28
LinkerVentrikel,normal,4089,nicht normal,39,BloodPressure_Systole,Mitralklappe,-0.03,-0.38,0.35,0.35
LinkerVentrikel,normal,4089,nicht normal,39,BloodPressure_Systole,Aortenklappe,-0.05,-0.37,0.32,0.32
LinkerVentrikel,normal,4089,nicht normal,39,BloodPressure_Systole,ESV,0.12,-0.16,0.28,0.28
LinkerVentrikel,normal,4089,nicht normal,39,BloodPressure_Systole,EF,-0.02,0.25,-0.27,0.27
LinkerVentrikel,normal,4089,nicht normal,39,BloodPressure_Systole,RegionaleWandbewegungen,0.02,0.31,-0.29,0.29
LinkerVentrikel,normal,4089,nicht normal,39,BloodPressure_Systole,EDD,0.09,-0.21,0.3,0.3
LinkerVentrikel,normal,4089,nicht normal,39,BloodPressure_Systole,LVMMI,0.19,-0.28,0.47000000000000003,0.47000000000000003
LinkerVentrikel,normal,4089,nicht normal,39,BloodPressure_Systole,rTh,0.13,0.43,-0.3,0.3
LinkerVentrikel,normal,4089,nicht normal,39,BloodPressure_Diastole,Gewicht_Echokardiographie,0.21,0.58,-0.37,0.37
LinkerVentrikel,normal,4089,nicht normal,39,BloodPressure_Diastole,BMI,0.15,0.55,-0.4,0.4
LinkerVentrikel,normal,4089,nicht normal,39,BloodPressure_Diastole,Mitralklappe,0.01,-0.33,0.34,0.34
LinkerVentrikel,normal,4089,nicht normal,39,BloodPressure_Diastole,Aortenklappe,-0.01,-0.26,0.25,0.25
LinkerVentrikel,normal,4089,nicht normal,39,BloodPressure_Diastole,ESD_M_Mode,0.15,0.43,-0.28,0.28
LinkerVentrikel,normal,4089,nicht normal,39,BloodPressure_Diastole,RegionaleWandbewegungen,-0.0,0.3,-0.3,0.3
ESV,"(11.0, 36.0)",1821,"(36.0, 153.0)",1915,RechterVorhof,LinkerVorhof,-0.0,0.25,-0.25,0.25
ESV,"(11.0, 36.0)",1821,"(36.0, 153.0)",1915,LinkerVorhof,RechterVorhof,-0.0,0.25,-0.25,0.25
EF,"(29.0, 60.0)",2102,"(60.0, 79.0)",2316,RechterVorhof,RechterVentrikel,0.27,-0.0,0.27,0.27
EF,"(29.0, 60.0)",2102,"(60.0, 79.0)",2316,RechterVentrikel,RechterVorhof,0.27,-0.0,0.27,0.27
Ebene,biplan,3837,monoplan,83,Groesse_Echokardiographie,Gewicht_Echokardiographie,0.37,0.1,0.27,0.27
Ebene,biplan,3837,monoplan,83,Groesse_Echokardiographie,VenaCavaInferior,-0.09,0.3,-0.39,0.39
Ebene,biplan,3837,monoplan,83,Gewicht_Echokardiographie,Groesse_Echokardiographie,0.37,0.1,0.27,0.27
Ebene,biplan,3837,monoplan,83,BMI,VenaCavaInferior,0.09,-0.4,0.49,0.49
Ebene,biplan,3837,monoplan,83,BMI,ESD_M_Mode,0.39,0.67,-0.28,0.28
Ebene,biplan,3837,monoplan,83,BMI,EDD,0.18,0.54,-0.36000000000000004,0.36000000000000004
Ebene,biplan,3837,monoplan,83,Echoqualitaet,rTh,-0.04,0.28,-0.32,0.32
Ebene,biplan,3837,monoplan,83,Mitralklappe,Aortenklappe,0.33,-0.01,0.34,0.34
Ebene,biplan,3837,monoplan,83,Aortenklappe,Mitralklappe,0.33,-0.01,0.34,0.34
Ebene,biplan,3837,monoplan,83,VenaCavaInferior,Groesse_Echokardiographie,-0.09,0.3,-0.39,0.39
Ebene,biplan,3837,monoplan,83,VenaCavaInferior,BMI,0.09,-0.4,0.49,0.49
Ebene,biplan,3837,monoplan,83,VenaCavaInferior,ESV,-0.04,-0.52,0.48000000000000004,0.48000000000000004
Ebene,biplan,3837,monoplan,83,VenaCavaInferior,EDV,-0.03,-0.5,0.47,0.47
Ebene,biplan,3837,monoplan,83,VenaCavaInferior,EF,0.05,0.41,-0.36,0.36
Ebene,biplan,3837,monoplan,83,VenaCavaInferior,Septum,-0.01,0.43,-0.44,0.44
Ebene,biplan,3837,monoplan,83,VenaCavaInferior,EDD,-0.02,-0.3,0.27999999999999997,0.27999999999999997
Ebene,biplan,3837,monoplan,83,VenaCavaInferior,LVMMI,-0.05,0.2,-0.25,0.25
Ebene,biplan,3837,monoplan,83,VenaCavaInferior,rTh,0.05,0.41,-0.36,0.36
Ebene,biplan,3837,monoplan,83,VenaCavaInferior,LV_Fuellung,0.05,0.41,-0.36,0.36
Ebene,biplan,3837,monoplan,83,ESD_M_Mode,BMI,0.39,0.67,-0.28,0.28
Ebene,biplan,3837,monoplan,83,ESD_M_Mode,LV_Fuellung,0.02,0.38,-0.36,0.36
Ebene,biplan,3837,monoplan,83,ESD_M_Mode,HeartFrequency,-0.1,0.21,-0.31,0.31
Ebene,biplan,3837,monoplan,83,ESV,VenaCavaInferior,-0.04,-0.52,0.48000000000000004,0.48000000000000004
Ebene,biplan,3837,monoplan,83,EDV,VenaCavaInferior,-0.03,-0.5,0.47,0.47
Ebene,biplan,3837,monoplan,83,EF,VenaCavaInferior,0.05,0.41,-0.36,0.36
Ebene,biplan,3837,monoplan,83,Septum,VenaCavaInferior,-0.01,0.43,-0.44,0.44
Ebene,biplan,3837,monoplan,83,Septum,EDD,0.09,0.44,-0.35,0.35
Ebene,biplan,3837,monoplan,83,Hinterwand,HeartFrequency,-0.03,0.25,-0.28,0.28
Ebene,biplan,3837,monoplan,83,EDD,BMI,0.18,0.54,-0.36000000000000004,0.36000000000000004
Ebene,biplan,3837,monoplan,83,EDD,VenaCavaInferior,-0.02,-0.3,0.27999999999999997,0.27999999999999997
Ebene,biplan,3837,monoplan,83,EDD,Septum,0.09,0.44,-0.35,0.35
Ebene,biplan,3837,monoplan,83,LVMMI,VenaCavaInferior,-0.05,0.2,-0.25,0.25
Ebene,biplan,3837,monoplan,83,LVMMI,HeartFrequency,-0.11,0.15,-0.26,0.26
Ebene,biplan,3837,monoplan,83,rTh,Echoqualitaet,-0.04,0.28,-0.32,0.32
Ebene,biplan,3837,monoplan,83,rTh,VenaCavaInferior,0.05,0.41,-0.36,0.36
Ebene,biplan,3837,monoplan,83,LV_Fuellung,VenaCavaInferior,0.05,0.41,-0.36,0.36
Ebene,biplan,3837,monoplan,83,LV_Fuellung,ESD_M_Mode,0.02,0.38,-0.36,0.36
Ebene,biplan,3837,monoplan,83,LV_Fuellung,HeartFrequency,0.05,0.3,-0.25,0.25
Ebene,biplan,3837,monoplan,83,HeartFrequency,ESD_M_Mode,-0.1,0.21,-0.31,0.31
Ebene,biplan,3837,monoplan,83,HeartFrequency,Hinterwand,-0.03,0.25,-0.28,0.28
Ebene,biplan,3837,monoplan,83,HeartFrequency,LVMMI,-0.11,0.15,-0.26,0.26
Ebene,biplan,3837,monoplan,83,HeartFrequency,LV_Fuellung,0.05,0.3,-0.25,0.25
Ebene,biplan,3837,monoplan,83,HeartFrequency,BloodPressure_Systole,0.0,0.33,-0.33,0.33
Ebene,biplan,3837,monoplan,83,BloodPressure_Systole,HeartFrequency,0.0,0.33,-0.33,0.33
RegionaleWandbewegungen,normal,3865,nicht normal,99,Groesse_Echokardiographie,LV_Fuellung,-0.14,-0.5,0.36,0.36
RegionaleWandbewegungen,normal,3865,nicht normal,99,Echoqualitaet,LVMMI,0.13,-0.19,0.32,0.32
RegionaleWandbewegungen,normal,3865,nicht normal,99,Aortenklappe,LinkerVentrikel,0.15,0.48,-0.32999999999999996,0.32999999999999996
RegionaleWandbewegungen,normal,3865,nicht normal,99,LinkerVentrikel,Aortenklappe,0.15,0.48,-0.32999999999999996,0.32999999999999996
RegionaleWandbewegungen,normal,3865,nicht normal,99,ESV,LV_Fuellung,-0.51,-0.77,0.26,0.26
RegionaleWandbewegungen,normal,3865,nicht normal,99,EDV,LV_Fuellung,-0.2,-0.56,0.36000000000000004,0.36000000000000004
RegionaleWandbewegungen,normal,3865,nicht normal,99,EDD,LV_Fuellung,-0.2,-0.54,0.34,0.34
RegionaleWandbewegungen,normal,3865,nicht normal,99,LVMMI,Echoqualitaet,0.13,-0.19,0.32,0.32
RegionaleWandbewegungen,normal,3865,nicht normal,99,LVMMI,LV_Fuellung,-0.1,-0.67,0.5700000000000001,0.5700000000000001
RegionaleWandbewegungen,normal,3865,nicht normal,99,LV_Fuellung,Groesse_Echokardiographie,-0.14,-0.5,0.36,0.36
RegionaleWandbewegungen,normal,3865,nicht normal,99,LV_Fuellung,ESV,-0.51,-0.77,0.26,0.26
RegionaleWandbewegungen,normal,3865,nicht normal,99,LV_Fuellung,EDV,-0.2,-0.56,0.36000000000000004,0.36000000000000004
RegionaleWandbewegungen,normal,3865,nicht normal,99,LV_Fuellung,EDD,-0.2,-0.54,0.34,0.34
RegionaleWandbewegungen,normal,3865,nicht normal,99,LV_Fuellung,LVMMI,-0.1,-0.67,0.5700000000000001,0.5700000000000001
Septum,"(2.0, 9.0)",2953,"(9.0, 18.0)",2155,RechterVorhof,RechterVentrikel,-0.0,0.27,-0.27,0.27
Septum,"(2.0, 9.0)",2953,"(9.0, 18.0)",2155,RechterVentrikel,RechterVorhof,-0.0,0.27,-0.27,0.27
LVMMI,"(0.0, 66.0)",2021,"(66.0, 181.0)",2004,RechterVorhof,RechterVentrikel,-0.0,0.3,-0.3,0.3
LVMMI,"(0.0, 66.0)",2021,"(66.0, 181.0)",2004,RechterVentrikel,RechterVorhof,-0.0,0.3,-0.3,0.3
LV_Fuellung,"(44.0, 59.0)",639,"(59.0, 79.0)",675,BMI,ESD_M_Mode,0.52,0.24,0.28,0.28
LV_Fuellung,"(44.0, 59.0)",639,"(59.0, 79.0)",675,RechterVorhof,RechterVentrikel,0.71,-0.0,0.71,0.71
LV_Fuellung,"(44.0, 59.0)",639,"(59.0, 79.0)",675,RechterVentrikel,RechterVorhof,0.71,-0.0,0.71,0.71
LV_Fuellung,"(44.0, 59.0)",639,"(59.0, 79.0)",675,ESD_M_Mode,BMI,0.52,0.24,0.28,0.28
BloodPressure_Systole,"(57.0, 126.0)",1415,"(126.0, 220.0)",1448,RechterVorhof,RechterVentrikel,-0.0,0.35,-0.35,0.35
BloodPressure_Systole,"(57.0, 126.0)",1415,"(126.0, 220.0)",1448,RechterVentrikel,RechterVorhof,-0.0,0.35,-0.35,0.35
BloodPressure_Diastole,"(5.0, 78.0)",1497,"(78.0, 126.0)",1417,RechterVorhof,RechterVentrikel,-0.0,0.31,-0.31,0.31
BloodPressure_Diastole,"(5.0, 78.0)",1497,"(78.0, 126.0)",1417,RechterVentrikel,RechterVorhof,-0.0,0.31,-0.31,0.31
